state,fips,population
13,13213,39358
13,13215,200303
13,13217,103901
13,13219,35071
25,25019,10694
25,25021,691218
25,25023,506657
25,25025,767719
25,25027,813589
26,26001,10461
26,26003,9396
26,26005,113666
26,26007,28929
26,26009,23215
26,26011,15327
26,26013,8612
26,26015,59316
26,26017,106107
26,26019,17462
26,26021,155134
26,26023,43603
26,26025,134691
26,26027,51795
26,26029,26172
26,26031,25579
26,26033,38330
26,26035,30608
26,26037,77245
26,26039,13840
26,26041,36570
26,26043,25889
26,26045,108544
26,26047,33091
26,26049,413090
26,26051,25367
26,26053,15650
26,26055,90715
26,26057,41676
26,26059,46024
26,26061,36565
26,26063,32021
26,26065,284559
26,26067,64126
26,26069,25373
26,26071,11393
26,26073,70574
26,26075,159483
26,26077,258605
26,26079,17259
26,26081,629352
26,26085,11415
26,26087,88310
26,26089,21764
26,26091,98673
26,26093,185841
26,26095,6451
26,26097,10998
26,26099,859703
26,26101,24465
26,26103,67418
26,26105,28755
26,26107,43259
26,26109,23568
26,26111,83559
26,26113,15032
26,26115,149945
26,26117,62922
26,26119,9317
26,26121,172148
26,26123,47957
26,26125,1235215
26,26127,26152
26,26129,21103
26,26131,6165
26,26133,23172
26,26135,8374
26,26137,24198
26,26139,276583
26,26141,12955
26,26143,23900
26,26145,195201
26,26147,160069
26,26149,60923
26,26151,41761
26,26153,8186
26,26155,68800
26,26157,54014
26,26159,75216
26,26161,358082
26,26163,1767593
26,26165,32829
27,27001,15722
27,27003,341249
27,27005,33375
27,27007,45644
27,27009,39457
27,27011,5098
27,27013,65524
27,27015,25327
27,27017,35482
27,27019,97143
27,27021,28633
27,27023,12126
27,27025,54041
27,27027,61402
27,27029,8764
27,27031,5215
27,27033,11557
27,27035,63321
27,27037,411402
27,27039,20361
27,27041,36862
27,27043,14119
27,27045,20877
27,27047,30751
27,27049,46450
27,27051,5943
27,27053,1209265
27,27055,18791
27,27057,20640
27,27059,38461
27,27061,45356
27,27063,10163
27,27065,15918
27,27067,42510
27,27071,12930
27,27073,6916
27,27075,10721
27,27079,27650
27,27081,5793
27,27083,25670
27,27085,35926
27,27087,5480
27,27089,9406
27,27091,20193
27,27093,23094
27,27095,25788
27,27097,32850
27,27099,39248
27,27101,8463
27,27103,33226
27,27105,21729
27,27107,6638
27,27109,150104
27,27111,57694
27,27113,14156
27,27115,29067
27,27117,9285
27,27119,31550
27,27121,10975
27,27123,531528
27,27127,15578
27,27129,14995
27,27131,65116
27,27133,9554
27,27135,15609
27,27137,200353
27,27139,139490
27,27141,91188
27,27143,14957
27,27145,153661
27,27147,36541
27,27149,9762
27,27151,9483
27,27153,24335
27,27157,21327
27,27159,13755
27,27161,19034
27,27163,248745
27,27165,10996
27,27167,6479
27,27169,51145
27,27171,129922
27,27173,10038
28,28001,31747
28,28003,37309
28,28005,12692
28,28007,19085
28,28009,8378
28,28011,33615
28,28013,14724
28,28015,10301
28,28017,17357
28,28019,8320
28,28021,9209
28,28023,16203
28,28025,20147
28,28027,24804
28,28029,28780
28,28031,19503
28,28033,170890
28,28035,76274
28,28037,7818
28,28039,23313
28,28041,13941
28,28043,21518
28,28045,46028
28,28047,198570
28,28049,244596
28,28051,18547
28,28053,8822
28,28057,23511
28,28059,140850
28,28061,16538
28,28063,7528
28,28065,11771
28,28067,68313
28,28069,10128
28,28071,52193
28,28073,59623
28,28075,79233
28,28077,12603
28,28079,23011
28,28081,85281
28,28083,30500
28,28085,34691
28,28087,59785
28,28089,101791
28,28091,25810
28,28093,36196
28,28095,36029
28,28097,10353
28,28099,29474
28,28101,21652
28,28103,11098
28,28105,49424
28,28107,34319
28,28109,55167
28,28111,12174
28,28113,39939
28,28115,30862
28,28117,25339
28,28119,7634
28,28121,147930
28,28123,28268
28,28127,27279
28,28129,16137
28,28131,17995
28,28133,27424
28,28135,14776
28,28137,28338
28,28139,22061
28,28141,19503
28,28143,10407
28,28145,27989
28,28147,14812
28,28149,47834
28,28151,48824
31,31051,5809
31,31053,36679
31,31055,543253
31,31059,5676
31,31067,21778
31,31079,61105
31,31081,9118
31,31089,10360
31,31093,6365
31,31095,7354
31,31097,5167
31,31099,6548
31,31101,8103
31,31107,8551
31,31109,301707
31,31111,35777
31,31119,35125
31,31121,7793
31,31127,7101
31,31131,15890
31,31137,9236
31,31139,7179
31,31141,32703
31,31143,5242
31,31145,10884
31,31147,8149
31,31151,14356
31,31153,172460
31,31155,20946
31,31157,36599
31,31159,17113
31,31161,5259
31,31167,6022
31,31169,5163
31,31173,6989
31,31177,20338
31,31179,9414
31,31185,13842
32,32001,24148
32,32003,2070153
32,32005,47426
32,32007,52029
32,32013,17091
32,32015,5907
32,32017,5155
32,32019,51897
32,32023,43198
32,32027,6690
32,32031,439914
32,32033,9893
32,32510,54412
33,33001,60392
33,33003,47416
33,33005,76320
33,33007,32219
33,33009,89164
33,33011,404948
33,33013,147715
33,33015,300365
33,33017,125913
33,33019,43051
34,34001,274026
34,34003,930310
34,34005,450236
34,34007,511145
34,34009,95404
34,34011,155744
34,34013,792586
34,34015,291286
34,34017,668526
34,34019,125708
34,34021,371101
34,34023,831852
34,34025,627532
34,34027,498215
34,34029,586166
34,34031,507204
34,34033,64504
34,34035,331686
34,34037,144694
34,34039,550436
34,34041,107095
28,28153,20517
28,28155,9922
28,28157,9233
28,28159,18519
28,28161,12380
28,28163,27719
29,29001,25547
29,29003,17347
29,29005,5380
29,29007,25868
29,29009,35716
29,29011,12075
29,29013,16513
29,29015,18825
29,29017,12282
29,29019,172773
29,29021,89415
29,29023,42887
29,29025,9057
29,29027,44693
29,29029,44152
29,29031,78089
29,29033,9009
29,29035,6249
29,29037,101324
29,29039,13932
29,29041,7615
29,29043,82053
29,29045,6860
29,29047,233135
29,29049,20494
29,29051,76603
29,29053,17613
29,29055,24545
29,29057,7590
29,29059,16508
29,29061,8257
29,29063,12706
29,29065,15578
29,29067,13467
29,29069,31271
29,29071,102063
29,29073,14875
29,29075,6745
29,29077,285449
29,29079,10231
29,29081,8649
29,29083,21930
29,29085,9267
29,29089,10148
29,29091,40265
29,29093,10220
29,29095,683643
29,29097,117376
29,29099,222453
29,29101,54229
29,29105,35505
29,29107,32789
29,29109,38204
29,29111,10146
29,29113,54286
29,29115,12319
29,29117,15057
29,29119,22720
29,29121,15399
29,29123,12403
29,29125,8987
29,29127,28858
29,29131,25011
29,29133,14112
29,29135,15840
29,29137,8642
29,29139,11820
29,29141,20182
29,29143,18229
29,29145,58741
29,29147,23026
29,29149,10922
29,29151,13704
29,29153,9450
29,29155,17599
29,29157,19152
29,29159,42193
29,29161,44833
29,29163,18475
29,29165,94970
29,29167,31113
29,29169,53302
29,29173,10225
29,29175,25081
29,29177,22921
29,29179,6530
29,29181,13936
29,29183,379856
29,29185,9444
29,29186,17937
29,29187,66230
29,29189,1000560
29,29195,23214
29,29201,38994
29,29203,8256
29,29205,6148
29,29207,29788
29,29209,31197
29,29211,6416
29,29213,53853
29,29215,25690
29,29217,20836
29,29219,33290
29,29221,25002
29,29223,13341
29,29225,37075
29,29229,18378
29,29510,316030
30,30001,9317
30,30003,13214
30,30005,6609
30,30007,5692
30,30009,10340
30,30013,82049
30,30015,5837
30,30017,11980
30,30021,9431
30,30023,9176
30,30027,11429
30,30029,94696
30,30031,97958
30,30035,13695
30,30041,16529
30,30043,11601
30,30047,29311
30,30049,65989
30,30053,19268
30,30057,7810
30,30063,113101
30,30067,15843
30,30073,6166
30,30077,6928
30,30081,41130
30,30083,11392
30,30085,11230
30,30087,9348
30,30089,11375
30,30093,34560
30,30095,9342
30,30099,6067
30,30101,5114
30,30105,7576
30,30111,155344
31,31001,31536
31,31003,6421
31,31011,5353
31,31013,11279
31,31019,48402
31,31021,6594
31,31023,8205
31,31025,25463
31,31027,8657
31,31031,5781
31,31033,10090
31,31035,6313
31,31037,10499
31,31039,9055
31,31041,10784
31,31043,20697
31,31045,9082
31,31047,23924
22,22065,11803
22,22067,26739
22,22069,39258
22,22071,382922
22,22073,156398
22,22075,23584
22,22077,22366
22,22079,132373
22,22081,8757
22,22083,20692
22,22085,24144
22,22087,44091
22,22089,52708
22,22091,10714
22,22093,21581
22,22095,43888
22,22097,83699
22,22099,53385
22,22101,53053
22,22103,246269
22,22105,127115
22,22109,113099
22,22111,22460
22,22113,59524
22,22115,52101
22,22117,46367
22,22119,40335
22,22121,25017
22,22123,11370
22,22125,15384
22,22127,14695
23,23001,107376
23,23003,69405
23,23005,288204
23,23007,30270
23,23009,54483
23,23011,120953
23,23013,39717
23,23015,34165
23,23017,57299
23,23019,152978
23,23021,17044
23,23023,35134
23,23025,51363
23,23027,39071
23,23029,31925
23,23031,200536
24,24001,73060
24,24003,559737
24,24005,825666
24,24009,90527
24,24011,32653
24,24013,167535
24,24015,102175
24,24017,154357
24,24019,32451
24,24021,243465
24,24023,29677
24,24025,249776
24,24027,308447
24,24029,19819
24,24031,1026371
24,24033,897693
24,24035,48712
24,24037,110675
24,24039,25899
24,24041,37668
24,24043,149571
24,24045,101527
24,24047,51441
24,24510,621000
25,25001,214703
25,25003,128563
25,25005,554868
25,25007,17137
25,25009,769362
25,25011,70916
25,25013,468072
25,25015,161035
25,25017,1567610
36,36115,62465
36,36117,91874
36,36119,969229
36,36121,41239
36,36123,25106
37,37001,156372
37,37003,37211
37,37005,10868
37,37007,25883
37,37009,26992
37,37011,17633
37,37013,47513
37,37015,20324
37,37017,34454
37,37019,119167
37,37021,250112
37,37023,89082
37,37025,192296
37,37027,81623
37,37029,10228
37,37031,68537
37,37033,23094
37,37035,155461
37,37037,68778
37,37039,27226
37,37041,14556
37,37043,10730
37,37045,97113
37,37047,57015
37,37049,104190
37,37051,325841
37,37053,24864
37,37055,35187
37,37057,164058
37,37059,41568
37,37061,59121
37,37063,294618
37,37065,54669
37,37067,364691
37,37069,62989
37,37071,211753
37,37073,11615
37,37075,8651
37,37077,58341
37,37079,21241
37,37081,511815
37,37083,52849
37,37085,126620
37,37087,59577
37,37089,110905
37,37091,24285
37,37093,51853
37,37095,5629
37,37097,167493
37,37099,41227
37,37101,182155
37,37103,10074
37,37105,59540
37,37107,58343
37,37109,79783
37,37111,45013
37,37113,33991
37,37115,21130
37,37117,23510
37,37119,1011774
37,37121,15263
37,37123,27475
37,37125,93070
37,37127,94385
37,37129,216430
37,37131,20628
37,37133,185755
37,37135,139807
37,37137,12892
37,37139,39909
37,37141,56358
37,37143,13470
37,37145,39196
37,37147,175150
37,37149,20324
37,37151,142588
37,37153,45710
37,37155,134576
37,37157,91898
37,37159,138694
37,37161,66701
37,37163,63713
37,37165,35711
37,37167,60610
37,37169,46453
37,37171,72767
37,37173,14234
37,37175,33062
37,37179,217614
37,37181,44508
37,37183,998576
37,37185,20324
37,37187,12503
37,37189,52745
37,37191,124447
37,37193,68888
37,37195,81617
37,37197,37819
37,37199,17599
38,38003,11033
38,38005,6802
38,38009,6650
38,38015,90560
38,38017,166852
38,38021,5160
38,38035,69793
38,38049,5912
38,38053,10718
38,38055,9576
38,38057,8671
38,38059,29633
38,38061,9675
38,38067,7136
38,38071,11578
38,38073,5457
38,38077,16329
38,38079,14607
38,38089,29837
38,38093,21108
38,38097,8075
38,38099,10995
38,38101,68954
38,38105,31643
39,39001,28111
39,39003,104664
39,39005,53343
39,39007,99175
39,39009,65103
39,39011,45871
39,39013,69228
39,39015,44059
39,39017,373638
39,39019,28108
39,39021,39175
39,39023,136175
39,39025,201092
39,39027,41854
39,39029,105230
39,39031,36665
39,39033,42485
39,39035,1258710
39,39037,52185
39,39039,38488
39,39041,188996
39,39043,75808
39,39045,150163
39,39047,28719
39,39049,1232118
39,39051,42466
39,39053,30376
39,39055,94020
39,39057,164325
39,39059,39478
39,39061,805965
39,39063,75672
39,39065,31652
39,39067,15521
39,39069,27890
39,39071,43109
39,39073,28690
39,39075,43702
39,39077,58704
39,39079,32717
39,39081,67607
39,39083,60878
39,39085,229266
39,39087,61503
39,39089,169762
39,39091,45388
39,39093,304091
39,39095,434800
39,39097,43537
39,39099,233015
39,39101,65620
39,39103,175543
39,39105,23345
39,39107,40886
39,39109,103864
39,39111,14442
39,39113,532761
39,39115,14857
39,39117,35032
39,39119,85991
39,39121,14429
39,39123,40981
39,39125,19057
39,39127,35947
39,39129,56804
39,39131,28298
39,39133,161796
39,39135,41561
39,39137,34116
39,39139,121888
39,39141,77193
39,39143,59870
39,39145,77366
39,39147,55711
39,39149,48949
39,39151,374762
39,39153,541372
39,39155,204908
39,39157,92579
39,39159,53955
39,39161,28501
39,39163,13128
39,39165,222184
39,39167,61154
39,39169,115747
39,39171,37270
39,39173,129418
39,39175,22359
40,40001,22161
40,40003,5784
40,40005,13847
40,40007,5479
40,40009,23290
40,40011,9777
40,40013,44529
40,40015,29510
40,40017,129571
40,40019,48530
40,40021,48267
40,40023,15051
40,40027,271818
40,40029,5755
40,40031,124583
40,40033,6062
40,40035,14683
40,40037,70931
40,40039,29248
40,40041,41433
40,40047,62481
40,40049,27570
40,40051,53955
40,40055,6081
40,40061,12835
40,40063,13727
40,40065,25864
40,40067,6280
40,40069,11027
40,40071,45398
40,40073,15392
40,40075,9239
40,40077,10643
40,40079,49885
40,40081,34640
40,40083,45171
40,40085,9768
40,40087,37222
40,40089,33071
40,40091,20161
40,40093,7721
40,40095,16079
40,40097,40923
40,40099,13792
40,40101,69939
40,40103,11470
40,40105,10510
40,40107,12212
40,40109,764698
40,40111,39322
40,40113,47923
40,40115,32022
40,40117,16444
40,40119,79953
40,40121,44643
40,40123,38213
40,40125,71551
40,40127,11149
40,40131,89970
40,40133,25403
40,40135,41344
40,40137,44631
40,40139,21499
40,40141,7611
40,40143,629823
40,40145,76190
40,40147,51892
40,40149,11626
40,40151,9125
40,40153,21111
41,41001,16030
41,41003,87455
41,41005,394967
41,41007,37660
41,41009,49645
41,41011,62944
41,41013,21334
41,41015,22364
41,41017,170813
41,41019,107375
41,41023,7227
41,41025,7214
41,41027,22842
41,41029,210916
41,41031,22305
41,41033,84063
41,41035,65946
41,41037,7799
41,41039,360273
41,41041,46685
41,41043,119862
41,41045,30474
41,41047,326527
41,41049,11207
41,41051,778193
41,41053,78470
41,41057,25552
41,41059,76582
41,41061,25758
41,41063,6836
41,41065,25657
41,41067,564088
41,41071,102217
42,42001,101759
42,42003,1230360
42,42005,67512
42,42007,169205
42,42009,48852
42,42011,414097
42,42013,125917
42,42015,61808
42,42017,626220
42,42019,185974
42,42021,137762
42,42025,64330
47,47035,57895
47,47037,667885
47,47039,11703
47,47041,19159
47,47043,50926
47,47045,37970
47,47047,39071
47,47049,17936
47,47051,41348
47,47053,49511
47,47055,29034
47,47057,22813
47,47059,68502
47,47061,13494
47,47063,63203
47,47065,351305
47,47067,6609
47,47069,25975
47,47071,25839
47,47073,56567
47,47075,18129
47,47077,27952
47,47079,32291
47,47081,24251
47,47083,8234
47,47085,18216
47,47087,11526
47,47089,52851
47,47091,17923
47,47093,448164
47,47095,7643
47,47097,27261
47,47099,42406
47,47101,11907
47,47103,33582
47,47105,50637
47,47107,52606
47,47109,26057
47,47111,22924
47,47113,98128
47,47115,28363
47,47117,31335
47,47119,85767
47,47121,11804
47,47123,45482
47,47125,189709
47,47127,6314
47,47129,21688
47,47131,30900
47,47133,22090
47,47135,7891
47,47137,5096
47,47139,16697
47,47141,74652
47,47143,32461
47,47145,52983
47,47147,67905
47,47149,290289
47,47151,22029
47,47153,14710
47,47155,94537
47,47157,936990
47,47159,19176
47,47161,13257
47,47163,156644
47,47165,172786
47,47167,61558
47,47169,7970
47,47171,17945
47,47173,19081
47,47175,5641
47,47177,40099
47,47179,126044
47,47181,16842
47,47183,34024
47,47185,26373
47,47187,205645
47,47189,125616
48,48001,57772
48,48003,17215
48,48005,87657
48,48007,24729
48,48009,8750
42,42027,159178
42,42029,512028
42,42031,38939
42,42033,81170
42,42035,39536
42,42037,66772
42,42039,87027
42,42041,243838
42,42043,271962
42,42045,562316
42,42047,31111
42,42049,279133
42,42051,134229
42,42053,7493
42,42055,152707
42,42057,14653
42,42059,37669
42,42061,45844
42,42063,87491
42,42065,44575
42,42067,24811
42,42069,213006
42,42071,533110
42,42073,88528
42,42075,136950
42,42077,358792
42,42079,318917
42,42081,116313
42,42083,42609
42,42085,114598
42,42087,46585
42,42089,167126
42,42091,815876
42,42093,18404
42,42095,300520
42,42097,93590
42,42099,45647
42,42101,1559938
42,42103,56210
42,42105,17239
42,42107,145503
42,42109,40246
42,42111,76201
42,42113,6302
42,42115,41832
42,42117,42031
42,42119,45178
42,42121,53460
42,42123,40649
42,42125,208269
42,42127,51307
42,42129,359377
42,42131,27975
42,42133,440604
44,44001,49228
44,44003,164886
44,44005,82714
44,44007,631344
44,44009,126319
45,45001,24951
45,45003,165146
45,45005,9589
45,45007,192709
45,45009,15057
45,45011,21917
45,45013,175316
45,45015,199081
45,45017,14886
45,45019,380673
45,45021,56274
45,45023,32435
45,45025,46083
45,45027,34056
45,45029,37884
45,45031,67689
45,45033,31273
45,45035,148517
45,45037,26388
45,45039,23025
45,45041,138575
45,45043,60804
45,45045,482191
45,45047,69881
45,45049,20296
45,45051,300418
45,45053,27186
45,45055,63090
45,45057,83704
45,45059,66442
45,45061,18189
45,45063,277702
45,45065,9806
45,45067,31975
45,45069,27702
45,45071,37750
45,45073,75375
45,45075,89731
45,45077,120722
45,45079,401743
45,45081,20113
45,45083,294229
45,45085,107682
45,45087,27928
45,45089,32816
45,45091,245606
46,46005,18155
46,46009,7001
46,46011,33435
46,46013,38430
46,46015,5312
46,46019,10268
46,46023,9277
46,46027,14029
46,46029,27886
46,46033,8447
46,46035,19824
46,46037,5588
46,46041,5652
46,46047,6874
46,46051,7195
46,46057,5995
46,46065,17518
46,46067,7264
46,46077,5070
46,46079,12331
46,46081,24859
46,46083,51396
46,46087,5616
46,46093,26840
46,46099,182014
46,46101,6445
46,46103,107298
46,46109,10294
46,46115,6539
46,46121,10019
46,46123,5475
46,46125,8289
46,46127,14842
46,46129,5538
46,46135,22649
47,47001,75545
47,47003,46331
47,47005,16173
47,47007,14073
47,47009,126192
47,47011,102860
47,47013,40008
47,47015,13855
47,47017,28417
47,47019,56707
47,47021,39575
47,47023,17355
47,47025,31701
47,47027,7769
47,47029,35256
47,47031,53808
47,47033,14558
35,35001,674777
35,35005,65610
35,35006,27373
35,35007,12716
35,35009,50544
35,35013,213825
35,35015,56369
35,35017,28879
35,35025,68930
35,35027,19726
35,35028,17895
35,35029,24627
35,35031,74346
35,35035,65333
35,35037,8555
35,35039,39924
35,35041,19618
35,35043,138117
35,35045,122537
35,35047,28350
35,35049,147320
35,35051,11442
35,35053,17324
35,35055,32961
35,35057,15599
35,35061,75993
36,36001,307891
36,36003,47700
36,36005,1436785
36,36007,197381
36,36009,78506
36,36011,78783
36,36013,131748
36,36015,87742
36,36017,49286
36,36019,81505
36,36021,61860
36,36023,48713
36,36025,46480
36,36027,295905
36,36029,922129
36,36031,38598
36,36033,51007
36,36035,54297
36,36037,59053
36,36039,48069
36,36043,63558
36,36045,117966
36,36047,2606852
36,36049,27107
36,36051,64622
36,36053,72089
36,36055,749236
36,36057,49667
36,36059,1356801
36,36061,1634989
36,36063,213374
36,36065,232858
36,36067,468050
36,36069,109450
36,36071,376242
36,36073,41938
36,36075,120513
36,36077,60979
36,36079,99408
36,36081,2310011
36,36083,159959
36,36085,473324
36,36087,322642
36,36089,111529
36,36091,224929
36,36093,154845
36,36095,31667
36,36097,18336
36,36099,35036
36,36101,98151
36,36103,1498130
36,36105,75818
36,36107,49649
36,36109,104268
36,36111,180505
36,36113,64911
48,48227,36423
48,48231,89068
48,48233,21782
48,48237,8866
48,48239,14678
48,48241,35640
48,48245,252993
48,48247,5218
48,48249,41486
48,48251,157544
48,48253,19944
48,48255,14984
48,48257,111830
48,48259,39010
48,48265,50505
48,48273,31877
48,48277,49626
48,48279,13561
48,48281,20357
48,48283,7319
48,48285,19654
48,48287,16754
48,48289,16923
48,48291,78598
48,48293,23469
48,48297,11976
48,48299,19624
48,48303,294682
48,48305,5723
48,48307,8242
48,48309,243394
48,48313,13843
48,48315,10191
48,48317,5451
48,48321,36719
48,48323,56830
48,48325,47920
48,48329,155817
48,48331,24372
48,48335,8995
48,48337,19384
48,48339,518849
48,48341,22186
48,48343,12653
48,48347,65556
48,48349,48177
48,48351,14138
48,48353,15017
48,48355,355667
48,48357,10577
48,48361,83751
48,48363,27922
48,48365,23771
48,48367,123601
48,48369,9921
48,48371,15826
48,48373,46583
48,48375,121883
48,48377,7144
48,48379,11087
48,48381,128603
48,48387,12455
48,48389,14438
48,48391,7315
48,48395,16537
48,48397,88010
48,48399,10411
48,48401,53197
48,48403,10367
48,48405,8556
48,48407,27172
48,48409,66706
48,48411,5881
48,48415,17314
48,48419,25705
48,48423,219745
48,48425,8673
48,48427,63008
48,48429,9787
48,48437,7639
48,48439,1947529
48,48441,135234
48,48445,12724
48,48449,32592
48,48451,116264
48,48453,1148176
48,48455,14360
48,48457,21371
48,48459,40295
48,48463,27055
48,48465,48862
48,48467,53070
48,48469,90989
48,48471,69926
48,48473,47049
48,48475,11396
48,48477,34544
48,48479,266006
48,48481,41377
48,48483,5642
48,48485,132148
48,48487,13061
48,48489,21944
48,48491,490619
48,48493,46444
48,48495,7723
48,48497,62089
48,48499,43198
48,48501,8316
48,48503,18275
48,48505,14335
48,48507,12107
49,49001,6437
49,49003,51528
49,49005,118824
49,49007,20733
49,49011,329292
49,49013,20078
49,49015,10570
49,49017,5020
49,49019,9428
49,49021,47751
49,49023,10507
49,49025,7216
49,49027,12604
49,49029,10645
49,49035,1092518
49,49037,15540
49,49039,28551
49,49041,20913
49,49043,39009
49,49045,61986
49,49047,36308
49,49049,564177
49,49051,27895
49,49053,151959
49,49057,241328
50,50001,36926
50,50003,36503
50,50005,30859
50,50007,160510
50,50009,6173
50,50011,48625
50,50013,6945
50,50015,25136
50,50017,28897
50,50019,27076
50,50021,60133
50,50023,58963
50,50025,43609
50,50027,55894
51,51001,33060
51,51003,104287
51,51005,15919
51,51007,12793
51,51009,31999
51,51011,15314
51,51013,226092
51,51015,74330
51,51019,76933
51,51021,6612
51,51023,33192
51,51025,16573
51,51027,23158
51,51029,17030
51,51031,55061
51,51033,29640
51,51035,29733
51,51036,7086
51,51037,12232
51,51041,331839
51,51043,14307
51,51045,5195
51,51047,48952
51,51049,9769
51,51051,15304
51,51053,28155
51,51057,11130
51,51059,1132887
51,51061,68025
51,51063,15587
51,51065,26046
51,51067,56230
51,51069,82321
51,51071,16871
51,51073,37021
51,51075,21979
51,51077,15180
51,51079,19085
51,51081,11698
51,51083,35305
51,51085,102199
51,51087,321921
51,51089,52209
51,51093,36027
51,51095,71900
51,51097,7140
51,51099,25260
51,51101,16156
51,51103,11055
51,51105,24911
51,51107,362435
51,51109,34350
51,51111,12450
51,51113,13122
51,51115,8848
51,51117,31209
51,51119,10728
51,51121,97227
51,51125,14831
51,51127,20051
51,51131,12118
51,51133,12272
51,51135,15641
51,51137,34873
51,51139,23759
51,51141,18180
51,51143,62392
51,51145,28286
51,51147,23077
51,51149,37664
51,51153,443630
51,51155,34417
51,51157,7416
51,51159,8868
51,51161,93655
51,51163,22450
51,51165,78427
51,51167,27973
51,51169,22378
51,51171,42857
51,51173,31513
51,51175,18291
51,51177,129181
51,51179,139548
51,51181,6731
51,51183,11733
51,51185,43367
51,51187,38807
51,51191,54562
51,51193,17528
51,51195,40074
51,51197,29171
51,51199,66919
51,51510,151473
51,51520,17340
51,51530,6610
51,51540,45538
51,51550,233194
51,51570,17554
51,51580,5650
51,51590,42360
55,55087,181799
55,55089,87625
55,55091,7349
55,55093,40881
55,55095,43483
55,55097,70551
55,55099,13707
55,55101,194873
55,55103,17642
55,55105,160986
55,55107,14272
55,55109,86726
55,55111,63317
55,55113,16438
55,55115,41384
55,55117,115269
55,55119,20521
55,55121,29521
55,55123,30442
55,55125,21373
55,55127,103021
55,55129,15685
55,55131,133422
55,55133,395377
55,55135,51974
55,55137,24238
55,55139,169487
55,55141,73621
56,56001,37836
56,56003,11931
56,56005,48473
56,56007,15696
56,56009,14223
56,56011,7284
56,56013,40683
56,56015,13546
56,56019,8572
56,56021,96459
56,56023,18543
56,56025,80871
56,56029,29083
56,56031,8740
56,56033,29924
56,56035,10032
56,56037,44812
56,56039,22623
56,56041,20893
56,56043,8351
56,56045,7175
72,72001,18760
72,72003,40083
72,72005,56893
72,72007,27323
72,72009,24438
72,72011,28250
72,72013,91096
72,72015,18778
72,72017,24699
72,72019,29548
72,72021,192974
72,72023,50096
72,72025,136372
72,72027,33481
72,72029,47174
72,72031,165040
72,72033,26137
72,72035,46071
72,72037,12538
72,72039,17644
72,72041,41782
72,72043,40090
72,72045,20153
72,72047,35484
72,72051,38013
72,72053,33912
72,72054,12287
72,72055,17788
72,72057,43210
72,72059,20025
72,72061,92444
51,51595,5565
51,51600,23620
51,51610,13597
51,51620,8413
51,51630,27853
51,51640,6858
51,51650,136789
51,51660,51979
51,51670,22332
51,51678,7036
51,51680,78755
51,51683,41149
51,51685,15827
51,51690,13551
51,51700,181606
51,51710,245724
51,51730,31997
51,51735,12068
51,51740,96071
51,51750,17186
51,51760,216773
51,51770,99329
51,51775,25290
51,51790,24234
51,51800,87061
51,51810,449733
51,51820,21366
51,51830,14988
51,51840,27349
53,53001,19100
53,53003,22113
53,53005,187519
53,53007,74761
53,53009,72969
53,53011,450893
53,53015,102854
53,53017,40101
53,53019,7639
53,53021,87810
53,53025,92530
53,53027,71233
53,53029,80113
53,53031,30333
53,53033,2079550
53,53035,257488
53,53037,42785
53,53039,20930
53,53041,75724
53,53043,10326
53,53045,61060
53,53047,41299
53,53049,20743
53,53051,13001
53,53053,832896
53,53055,16056
53,53057,120475
53,53059,11316
53,53061,758649
53,53063,485859
53,53065,43744
53,53067,266311
53,53071,59809
53,53073,209729
53,53075,47494
53,53077,247681
54,54001,16892
54,54003,110173
54,54005,23645
54,54007,14463
54,54009,23473
54,54011,96623
54,54013,7482
54,54015,9033
54,54017,8363
54,54019,45192
54,54021,8497
54,54023,11770
54,54025,35580
54,54027,23455
54,54029,30024
54,54031,13942
54,54033,68775
54,54035,29199
54,54037,55531
54,54039,189636
54,54041,16422
54,54043,21482
54,54045,35166
54,54047,20273
54,54049,56716
54,54051,32296
54,54053,27060
54,54055,61476
54,54057,27606
54,54059,25549
54,54061,102827
54,54063,13496
54,54065,17514
54,54067,25743
54,54069,43257
54,54071,7291
54,54073,7612
54,54075,8620
54,54077,33793
54,54079,56743
54,54081,78051
54,54083,29287
54,54085,10044
54,54087,14513
54,54089,13325
54,54091,16949
54,54093,6922
54,54095,9000
54,54097,24632
54,54099,41237
54,54101,8820
54,54103,15997
54,54105,5826
54,54107,86262
54,54109,22537
55,55001,20294
55,55003,15936
55,55005,45548
55,55007,14987
55,55009,256621
55,55011,13256
55,55013,15259
55,55015,49653
55,55017,63355
55,55019,34486
55,55021,56650
55,55023,16415
55,55025,516818
55,55027,88404
55,55029,27669
55,55031,43705
55,55033,44348
55,55035,101907
55,55039,101968
55,55041,9108
55,55043,51723
55,55045,37050
55,55047,18881
55,55049,23751
55,55051,5850
55,55053,20566
55,55055,84538
55,55057,26399
55,55059,167896
55,55061,20459
55,55063,117538
55,55065,16793
55,55067,19414
55,55069,28171
55,55071,80178
55,55073,135367
55,55075,41090
55,55077,15082
55,55079,955306
55,55081,45365
55,55083,37475
55,55085,35604
48,48013,47710
48,48015,29107
48,48017,7131
48,48019,21015
48,48021,78286
48,48025,32706
48,48027,330859
48,48029,1858699
48,48031,10918
48,48035,17953
48,48037,93483
48,48039,338419
48,48041,209896
48,48043,9188
48,48047,7217
48,48049,37935
48,48051,17417
48,48053,44584
48,48055,39848
48,48057,21805
48,48059,13596
48,48061,418785
48,48063,12631
48,48065,6027
48,48067,30346
48,48069,7875
48,48071,38072
48,48073,51257
48,48075,7059
48,48077,10367
48,48083,8476
48,48085,886633
48,48089,20792
48,48091,124234
48,48093,13506
48,48097,38878
48,48099,75710
48,48107,5987
48,48111,7052
48,48113,2513054
48,48115,13317
48,48117,19039
48,48119,5226
48,48121,754650
48,48123,20660
48,48127,10842
48,48131,11510
48,48133,18252
48,48135,153177
48,48139,160225
48,48141,833592
48,48143,40641
48,48145,17265
48,48147,33757
48,48149,24909
48,48153,6088
48,48157,683756
48,48159,10571
48,48161,19585
48,48163,18542
48,48165,19485
48,48167,314485
48,48169,6614
48,48171,25732
48,48175,7463
48,48177,20370
48,48179,23028
48,48181,124231
48,48183,123283
48,48185,27140
48,48187,147313
48,48189,35007
48,48193,8232
48,48195,5552
48,48199,55624
48,48201,4434257
48,48203,66431
48,48205,5966
48,48207,5812
48,48209,185686
48,48213,79213
48,48215,828334
48,48217,34901
48,48219,23377
48,48221,54217
48,48223,35844
48,48225,22802
72,72063,46990
72,72065,41327
72,72067,16678
72,72069,55621
72,72071,43919
72,72073,15605
72,72075,48658
72,72077,39942
72,72079,24323
72,72081,28052
72,72083,9093
72,72085,38466
72,72087,27857
72,72089,19237
72,72091,41468
72,72093,6274
72,72095,11506
72,72097,81594
72,72099,38289
72,72101,32087
72,72103,26722
72,72105,29467
72,72107,22258
72,72109,18135
72,72111,22231
72,72113,152594
72,72115,24904
72,72117,14700
72,72119,52479
72,72121,24013
72,72123,29722
72,72125,33546
72,72127,363744
72,72129,39283
72,72131,39755
72,72133,22732
72,72135,74467
72,72137,83645
72,72139,70737
72,72141,30869
72,72143,39018
72,72145,55866
72,72147,9046
72,72149,24186
72,72151,35670
72,72153,38519
06,06079,278680
06,06081,754748
06,06083,439395
06,06085,1885056
06,06087,270931
06,06089,179228
06,06093,43668
06,06095,429596
06,06097,497776
06,06099,530561
06,06101,95406
06,06103,63015
06,06105,13180
06,06107,455769
06,06109,53864
06,06111,843110
06,06113,209671
06,06115,73897
08,08001,479977
08,08003,16353
08,08005,617668
08,08007,12355
08,08011,5816
08,08013,313961
08,08014,62449
08,08015,18507
08,08019,9238
08,08021,8213
08,08025,5537
08,08029,30221
08,08031,663303
08,08035,314238
08,08037,52894
08,08039,24225
08,08041,665171
08,08043,46835
08,08045,57495
08,08047,5708
08,08049,14490
08,08051,15889
08,08055,6521
08,08059,558810
08,08063,8174
08,08065,7401
08,08067,53994
08,08069,325228
08,08071,14322
08,08073,5515
08,08075,21862
08,08077,148166
08,08081,13034
08,08083,26006
08,08085,40866
08,08087,28288
08,08089,18440
08,08093,16440
08,08097,17543
08,08099,12121
08,08101,162158
08,08103,6658
08,08105,11623
08,08107,23980
08,08109,6255
08,08113,7767
08,08117,29269
08,08119,23472
08,08123,278065
08,08125,10150
09,09001,941618
09,09003,895699
09,09005,185141
09,09007,164438
09,09009,860874
09,09011,272033
09,09013,151689
09,09015,117078
10,10001,171474
10,10003,551997
10,10005,211224
11,11001,659009
12,12001,256581
12,12003,27312
12,12005,178361
12,12007,26919
12,12009,560683
12,12011,1863780
12,12013,14550
12,12015,169642
12,12017,140453
12,12019,200346
12,12021,348236
12,12023,68198
12,12027,35134
12,12029,16084
12,12031,900890
12,12033,309574
12,12035,102917
12,12037,11705
12,12039,46153
12,12041,17033
12,12043,13420
12,12045,15851
12,12047,14362
12,12049,27302
12,12051,38376
12,12053,176797
12,12055,98862
12,12057,1323059
12,12059,19569
12,12061,145342
12,12063,48721
12,12065,14082
12,12067,8742
12,12069,317586
12,12071,680970
12,12073,284788
12,12075,39707
12,12077,8285
12,12079,18560
12,12081,353411
12,12083,340341
12,12085,153592
12,12086,2664418
12,12087,77150
12,12089,77187
12,12091,195798
12,12093,39420
12,12095,1256055
12,12097,311962
12,12099,1398757
12,12101,488310
12,12103,939548
12,12105,637691
12,12107,72304
12,12109,218362
12,12111,293136
12,12113,163903
12,12115,398011
12,12117,442905
12,12119,113589
12,12121,43653
12,12123,22582
12,12125,15159
12,12127,510806
12,12129,31314
12,12131,61528
12,12133,24627
13,13001,18410
13,13003,8268
13,13005,11251
13,13009,45808
13,13011,18336
13,13013,73340
13,13015,101942
13,13017,17405
13,13019,18986
13,13021,154194
13,13023,12835
13,13025,18403
13,13027,15645
13,13029,34104
13,13031,73141
13,13033,22838
13,13035,23479
13,13037,6443
13,13039,52092
01,01001,55049
01,01003,199510
01,01005,26614
01,01007,22572
01,01009,57704
01,01011,10552
01,01013,20280
01,01015,115883
01,01017,34018
01,01019,25897
01,01021,43817
01,01023,13287
01,01025,24847
01,01027,13483
01,01029,14991
01,01031,50991
01,01033,54377
01,01035,12697
01,01037,10864
01,01039,37729
01,01041,13896
01,01043,81316
01,01045,49607
01,01047,41426
01,01049,70937
01,01051,80957
01,01053,37875
01,01055,103363
01,01057,16783
01,01059,31573
01,01061,26765
01,01063,8587
01,01065,15159
01,01067,17187
01,01069,103891
01,01071,52608
01,01073,659096
01,01075,14066
01,01077,92641
01,01079,33433
01,01081,153947
01,01083,90257
01,01085,10565
01,01087,19684
01,01089,349973
01,01091,20066
01,01093,30239
01,01095,94534
01,01097,414291
01,01099,21975
01,01101,227392
01,01103,119555
01,01105,9856
01,01107,20042
01,01109,33277
01,01111,22615
01,01113,58636
01,01115,86576
01,01117,205951
01,01119,13285
01,01121,81057
01,01123,40958
01,01125,202471
01,01127,65593
01,01129,16909
01,01131,11119
01,01133,24013
02,02016,5714
02,02020,299321
02,02050,17885
02,02090,100150
02,02110,32524
02,02122,57637
02,02130,13715
02,02150,13918
02,02170,98679
02,02180,9879
02,02185,9681
02,02188,7723
02,02198,6374
02,02220,8921
02,02240,6970
02,02261,9522
02,02290,5600
04,04001,72346
04,04003,128177
04,04005,138064
04,04007,53179
04,04009,37529
04,04011,9224
04,04012,20304
04,04013,4088549
04,04015,203629
04,04017,108209
04,04019,1003338
04,04021,397604
04,04023,46547
04,04025,218586
04,04027,203292
05,05001,18569
05,05003,20989
05,05005,40992
05,05007,245231
05,05009,37301
05,05011,11096
05,05013,5210
05,05015,27690
05,05017,11189
05,05019,22684
05,05021,15202
05,05023,25587
05,05025,8421
05,05027,24168
05,05029,21060
05,05031,102884
05,05033,61927
05,05035,49511
05,05037,17329
05,05039,7738
05,05041,12234
05,05043,18688
05,05045,120417
05,05047,17799
05,05049,12186
05,05051,97119
05,05053,18046
05,05055,43745
05,05057,22208
05,05059,33440
05,05061,13487
05,05063,37030
05,05065,13461
05,05067,17495
05,05069,72385
05,05071,26025
05,05073,7127
05,05075,16915
05,05077,9781
05,05079,13935
05,05081,12616
05,05083,21935
05,05085,71279
05,05087,15761
05,05089,16404
05,05091,43666
05,05093,44199
05,05095,7542
05,05097,9100
05,05099,8668
05,05101,7988
05,05103,24728
05,05105,10246
05,05107,19929
05,05109,11017
05,05111,24131
05,05113,20290
05,05115,63107
05,05117,8334
05,05119,391806
05,05121,17584
05,05123,27023
05,05125,115577
05,05127,10661
05,05129,7938
05,05131,127351
05,05133,17193
05,05135,17027
05,05137,12503
05,05139,40334
05,05141,16892
05,05143,219930
05,05145,78823
05,05147,6873
05,05149,21716
06,06001,1605217
06,06005,36963
06,06007,223877
06,06009,44787
06,06011,21361
06,06013,1107925
06,06015,27628
06,06017,183000
06,06019,963160
06,06021,27976
06,06023,135182
06,06025,178807
06,06027,18326
06,06029,871337
06,06031,150261
06,06033,64076
06,06035,31945
06,06037,10057155
06,06039,153366
06,06041,259358
06,06043,17645
06,06045,87409
06,06047,265001
06,06049,9033
06,06051,14051
06,06053,430201
06,06055,140823
06,06057,98639
06,06059,3132211
06,06061,370571
06,06063,18754
06,06065,2323892
06,06067,1479300
06,06069,58051
06,06071,2106754
06,06073,3253356
06,06075,850282
06,06077,714860
13,13221,14743
13,13223,149830
13,13225,26907
13,13227,29992
13,13229,19030
13,13231,17843
13,13233,41263
13,13235,11460
13,13237,21259
13,13241,16312
13,13243,7224
13,13245,201418
13,13247,87569
13,13249,5089
13,13251,14114
13,13253,8696
13,13255,64006
13,13257,25584
13,13259,5791
13,13261,31070
13,13263,6373
13,13267,25260
13,13269,8354
13,13271,16405
13,13273,9132
13,13275,44977
13,13277,40691
13,13279,27160
13,13281,10976
13,13283,6711
13,13285,69314
13,13287,8151
13,13289,8363
13,13291,22033
13,13293,26394
13,13295,68143
13,13297,87436
13,13299,35671
13,13301,5504
13,13303,20680
13,13305,30006
13,13309,7932
13,13311,28140
13,13313,103653
13,13315,8884
13,13317,9924
13,13319,9312
13,13321,20988
15,15001,193680
15,15003,986999
15,15007,70447
15,15009,162456
16,16001,425798
16,16005,83815
16,16007,5928
16,16009,9068
16,16011,45261
16,16013,21427
16,16015,6891
16,16017,41389
16,16019,108989
16,16021,11141
16,16027,202782
16,16029,6813
16,16031,23441
16,16035,8528
16,16039,26103
16,16041,13013
16,16043,12896
16,16045,16853
16,16047,15157
16,16049,16251
16,16051,27096
16,16053,22694
16,16055,147716
16,16057,38593
16,16059,7743
16,16063,5292
16,16065,38114
16,16067,20331
16,16069,39995
16,16073,11356
16,16075,22773
16,16077,7696
16,16079,12551
16,16081,10437
16,16083,80955
16,16085,9897
16,16087,10035
17,17001,66949
17,17003,7051
17,17005,17137
17,17007,53656
17,17009,6836
17,17011,33822
17,17015,14793
17,17017,13068
17,17019,206420
17,17021,33888
17,17023,16089
17,17025,13466
17,17027,37858
17,17029,52802
17,17031,5227575
17,17033,19441
17,17035,10890
17,17037,104458
17,17039,16322
17,17041,19770
17,17043,930514
17,17045,17828
17,17047,6612
17,17049,34356
17,17051,22025
17,17053,13758
17,17055,39503
17,17057,36047
17,17059,5325
17,17061,13390
17,17063,50338
17,17065,8251
17,17067,18633
17,17071,6966
17,17073,49681
17,17075,28814
17,17077,59188
17,17079,9592
17,17081,38523
17,17083,22441
17,17085,22186
17,17087,12866
17,17089,526615
17,17091,111493
17,17093,121452
17,17095,51752
17,17097,702890
17,17099,111935
17,17101,16582
17,17103,34718
17,17105,37278
17,17107,29820
17,17109,31727
17,17111,307083
17,17113,173254
17,17115,108404
17,17117,46482
17,17119,266759
17,17121,38503
17,17123,12060
17,17125,13931
17,17127,14883
17,17129,12576
17,17131,15971
17,17133,33703
17,17135,29301
17,17137,34801
17,17139,14915
17,17141,52034
17,17143,186818
17,17145,21595
17,17147,16469
17,17149,16054
17,17153,5792
17,17155,5746
17,17157,32934
17,17159,16072
17,17161,146536
17,17163,265569
17,17165,24659
17,17167,198639
17,17169,7205
17,17171,5169
17,17173,22011
17,17175,5840
17,17177,46283
17,17179,135400
17,17181,17458
17,17183,79613
17,17185,11587
17,17187,17611
17,17189,14369
17,17191,16517
17,17193,14410
17,17195,57155
17,17197,685378
17,17199,67336
17,17201,288896
17,17203,39123
18,18001,34813
18,18003,365565
18,18005,80203
18,18007,8709
18,18009,12364
18,18011,61884
18,18013,14965
18,18015,20007
18,18017,38324
18,18019,113993
18,18021,26568
18,18023,32692
18,18025,10582
18,18027,32583
18,18029,49552
18,18031,26340
18,18033,42489
18,18035,116463
18,18037,42345
18,18039,201640
18,18041,23608
18,18043,76290
18,18045,16741
18,18047,22887
18,18049,20412
18,18051,33684
18,18053,68269
18,18055,32633
18,18057,303042
18,18059,71955
18,18061,39370
18,18063,155817
18,18065,48953
18,18067,82728
18,18069,36696
18,18071,43637
18,18073,33461
18,18075,21196
18,18077,32482
18,18079,28023
18,18081,147567
18,18083,37956
18,18085,78461
18,18087,38395
18,18089,489698
18,18091,110993
18,18093,45696
18,18095,129862
18,18097,932142
18,18099,46833
18,18101,10218
18,18103,36093
18,18105,143292
18,18107,38108
18,18109,69504
18,18111,14022
18,18113,47587
18,18115,6003
18,18117,19579
18,18119,21038
18,18121,17033
18,18123,19301
18,18125,12554
18,18127,167016
18,18129,25527
18,18131,12910
18,18133,37626
18,18135,25403
18,18137,28633
18,18139,16873
18,18141,267696
18,18143,23734
18,18145,44404
18,18147,20777
18,18149,23069
18,18151,34279
18,18153,21026
18,18155,10484
18,18157,183397
18,18159,15447
18,18161,7251
18,18163,181692
18,18165,15752
18,18167,108099
18,18169,32177
18,18171,8309
18,18173,61427
18,18175,27792
18,18177,67423
18,18179,27836
18,18181,24265
18,18183,33354
19,19001,7330
19,19005,14001
19,19007,12602
19,19009,5793
19,19011,25720
19,19013,132821
19,19015,26411
19,19017,24663
19,19019,21031
19,19021,20445
19,19023,14933
19,19025,9876
19,19027,20555
19,19029,13433
19,19031,18389
19,19033,43303
19,19035,11752
19,19037,12164
19,19039,9273
19,19041,16478
19,19043,17735
19,19045,47972
19,19047,17147
19,19049,78074
19,19051,8768
19,19053,8210
19,19055,17445
19,19057,40114
19,19059,17046
19,19061,96359
19,19063,9820
19,19065,20391
19,19067,16004
19,19069,10393
19,19071,7019
19,19073,9083
19,19075,12373
19,19077,10691
19,19079,15227
19,19081,11006
19,19083,17324
19,19085,14335
19,19087,19941
19,19089,9430
19,19091,9607
19,19093,7041
19,19095,16326
19,19097,19529
19,19099,36715
19,19101,17662
19,19103,142006
19,19105,20481
19,19107,10234
19,19109,15226
19,19111,35172
19,19113,218076
19,19115,11251
19,19117,8700
19,19119,11730
19,19121,15661
19,19123,22324
19,19125,33197
21,21137,24424
21,21139,9353
21,21141,26757
21,21143,8325
21,21145,65292
21,21147,17850
21,21149,9492
21,21151,87324
21,21153,12887
21,21155,19497
21,21157,31213
21,21159,12478
21,21161,17229
21,21163,28751
21,21165,6345
21,21167,21411
21,21169,9983
21,21171,10692
21,21173,27391
21,21175,13379
21,21177,31216
21,21179,44875
21,21181,7062
21,21183,24152
21,21185,63876
21,21187,10673
21,21191,14509
21,21193,27818
21,21195,62791
21,21197,12387
21,21199,63772
21,21203,16893
21,21205,24302
21,21207,17684
21,21209,51348
21,21211,44967
21,21213,17856
21,21215,17798
21,21217,25315
21,21219,12465
21,21221,14267
21,21223,8751
21,21225,15065
21,21227,121066
21,21229,12017
21,21231,20557
21,21233,13331
21,21235,35842
21,21237,7221
21,21239,25591
22,22001,62372
22,22003,25619
22,22005,117009
22,22007,22973
22,22009,41252
22,22011,36435
22,22013,13924
22,22015,124720
22,22017,253125
22,22019,197233
22,22021,9997
22,22023,6739
22,22025,10145
22,22027,16452
22,22029,20288
22,22031,27047
22,22033,445337
22,22035,7419
22,22037,19756
22,22039,33765
22,22041,20464
22,22043,22372
22,22045,73799
22,22047,33159
22,22049,15999
22,22051,435204
22,22053,31399
22,22055,234963
22,22057,97688
22,22059,14927
22,22061,47480
22,22063,135925
19,19127,40735
19,19129,14841
19,19131,10757
19,19133,9013
19,19135,7964
19,19137,10380
19,19139,42949
19,19141,14055
19,19143,6154
19,19145,15552
19,19147,9155
19,19149,24972
19,19151,7061
19,19153,459159
19,19155,93198
19,19157,18622
19,19159,5054
19,19161,10034
19,19163,171116
19,19165,11944
19,19167,34621
19,19169,94834
19,19171,17423
19,19173,6209
19,19175,12539
19,19177,7380
19,19179,35242
19,19181,48170
19,19183,22115
19,19185,6403
19,19187,37050
19,19189,10580
19,19191,20789
19,19193,102426
19,19195,7562
19,19197,12891
20,20001,12951
20,20003,7858
20,20005,16557
20,20009,27214
20,20011,14751
20,20013,9810
20,20015,66264
20,20021,20737
20,20027,8346
20,20029,9302
20,20031,8433
20,20035,35977
20,20037,39281
20,20041,19384
20,20043,7793
20,20045,116352
20,20051,29032
20,20053,6375
20,20055,36983
20,20057,34492
20,20059,25663
20,20061,36818
20,20067,7748
20,20069,6037
20,20073,6304
20,20077,5798
20,20079,34814
20,20085,13365
20,20087,18880
20,20091,572428
20,20095,7697
20,20099,20833
20,20103,78785
20,20107,9524
20,20111,33401
20,20113,29164
20,20115,12213
20,20117,9963
20,20121,32787
20,20123,6299
20,20125,33765
20,20127,5694
20,20131,10177
20,20133,16358
20,20137,5558
20,20139,16001
20,20143,6004
20,20145,6840
20,20147,5484
20,20149,22920
20,20151,9729
20,20155,63803
20,20159,9949
20,20161,75026
20,20163,5160
20,20167,6988
20,20169,55547
20,20173,508221
20,20175,23185
20,20177,178567
20,20181,6038
20,20189,5738
20,20191,23509
20,20193,7909
20,20197,6960
20,20201,5613
20,20205,8956
20,20209,161777
21,21001,19156
21,21003,20421
21,21005,21867
21,21007,8216
21,21009,43287
21,21011,12113
21,21013,27676
21,21015,125656
21,21017,20004
21,21019,48716
21,21021,29650
21,21023,8404
21,21025,13476
21,21027,20000
21,21029,77727
21,21031,12828
21,21033,12758
21,21035,38302
21,21037,91456
21,21041,10776
21,21043,27292
21,21045,15928
21,21047,73936
21,21049,35706
21,21051,21160
21,21053,10172
21,21055,9211
21,21057,6780
21,21059,98724
21,21061,12086
21,21063,7661
21,21065,14406
21,21067,311529
21,21069,14543
21,21071,38144
21,21073,49982
21,21075,6323
21,21077,8543
21,21079,17051
21,21081,24705
21,21083,37379
21,21085,26092
21,21087,11123
21,21089,36255
21,21091,8716
21,21093,107573
21,21095,28031
21,21097,18629
21,21099,18510
21,21101,46362
21,21103,15528
21,21107,46359
21,21109,13357
21,21111,759724
21,21113,51015
21,21115,23280
21,21117,163393
21,21119,15884
21,21121,31740
21,21123,14127
21,21125,59950
21,21127,15870
21,21129,6896
21,21131,10869
21,21133,23382
21,21135,13646
13,13043,10962
13,13045,113756
13,13047,65645
13,13049,12968
13,13051,282613
13,13053,11882
13,13055,25046
13,13057,230629
13,13059,122037
13,13063,270269
13,13065,6814
13,13067,728388
13,13069,43042
13,13071,46002
13,13073,139904
13,13075,17103
13,13077,135625
13,13079,12483
13,13081,23061
13,13083,16356
13,13085,22939
13,13087,27237
13,13089,723902
13,13091,20995
13,13093,14089
13,13095,92326
13,13097,138283
13,13099,10480
13,13103,55852
13,13105,19394
13,13107,22723
13,13109,10733
13,13111,24017
13,13113,109495
13,13115,96199
13,13117,203841
13,13119,22188
13,13121,996757
13,13123,28956
13,13127,82623
13,13129,56079
13,13131,25145
13,13133,16535
13,13135,874242
13,13137,43724
13,13139,190482
13,13141,8747
13,13143,28667
13,13145,32992
13,13147,25518
13,13149,11571
13,13151,214171
13,13153,149137
13,13155,9365
13,13157,62131
13,13159,13571
13,13161,14953
13,13163,16201
13,13165,9055
13,13167,9694
13,13169,28701
13,13171,18195
13,13173,10382
13,13175,47802
13,13177,29134
13,13179,63949
13,13181,7712
13,13183,17243
13,13185,113898
13,13187,31094
13,13189,21558
13,13191,13941
13,13193,13846
13,13195,28362
13,13197,8646
13,13199,21195
13,13201,5911
13,13205,22778
13,13207,27044
13,13209,9005
13,13211,17943